url,source,domain,title,page_count,estimated_steps,length_bucket,language,has_steps,has_safety_clauses,license,redistribute_ok,bytes,sha256
https://www.osha.gov/sites/default/files/publications/osha2254.pdf,osha,general,Training Requirements in OSHA Standards,270,61,long,en,True,True,US Gov public domain,yes,5945412,a9fa7483da96a1bebe0cc5d94c392246aedaf08fb86a210c1dfdbe42f88e5be2
https://www.osha.gov/sites/default/files/otm_secIV_chap6.pdf,osha,general,"OSHA Technical Manual - Section IV, Chapter 6, Combustible Dusts",156,7,short,en,True,True,US Gov public domain,yes,3080623,f7d91ded58525990386db506e69461a1c68a670b80eff3dfc7715815d006610c
https://www.osha.gov/sites/default/files/memo-update-reg-directive-num.pdf,osha,general,Memorandum - Update to Instruction on Regional Directive Numbering,1,0,short,en,False,False,US Gov public domain,yes,166526,226d98f516713540a53620d91b45a546e14d1a83fddcad034d9b68dabdc6bff8
https://www.osha.gov/sites/default/files/enforcement/directives/adm-03-00-008.pdf,osha,general,ADM 03-00-008 OSHA Clearance Process for Non-Policy and Policy Issuances,39,118,long,en,True,True,US Gov public domain,yes,624821,247bb79066fea4335ed82452217abfd28d39e66d2f8b5f395ddb22eca42a8ee9
https://www.osha.gov/sites/default/files/publications/OSHA3165.pdf,osha,general,OSHA Cares That You Go Home Safe,1,0,short,en,False,False,US Gov public domain,yes,104123,60088e84dc3b6b1c337ce8a65ad1a1a7c7be5912b3f7341130fa0d55c881549d
https://www.osha.gov/sites/default/files/publications/OSHA3167.pdf,osha,general,OSHA se preocupa por su seguridad para que vuelva a casa seguro,1,0,short,es,False,False,US Gov public domain,yes,110220,15fa427bf4d218aee008c4148842591a59e6342a0252c976219e3a3b917e5d6e
https://www.osha.gov/sites/default/files/publications/OSHA3838.pdf,osha,general,السلامة والصحة بالوظيفة : إنه القانون!,1,0,short,ar,False,False,US Gov public domain,yes,655752,563d093d34cab6a71c8e9c7730bf503b65e95090e54473121f5821a5f29e452c
https://www.osha.gov/sites/default/files/publications/OSHA3962_85x14.pdf,osha,general,Kaluwasan ug Kahimsog sa Panglawas sa Trabaho: KINI ANG BALAOD!,1,0,short,tl,False,False,US Gov public domain,yes,724007,30626a78fd9f6b34806c7322904c80e429a844b9593c9e6a32ec8eebe94daa44
https://www.osha.gov/sites/default/files/publications/OSHA3724_Chinese.pdf,osha,general,工作安全与健康 - 这是法律规定！,1,0,short,zh-cn,False,False,US Gov public domain,yes,888002,ed1b0129e0b79a6a3c63b2c8c81bbdeaec5807580799923a3b81a40d327450f7
https://www.osha.gov/sites/default/files/publications/OSHA3839.pdf,osha,general,Sekirite ak Sante nan Travay a | SE LALWA !,1,0,short,id,False,False,US Gov public domain,yes,816448,7f8cdcc8a70f32b9110d480aea6728a92b1af977a344367be16604007c633bb7
https://www.osha.gov/sites/default/files/publications/OSHA3725_Korean.pdf,osha,general,직업 안전 및 건강. 법률로 규정된 의무입니다!,1,0,short,ko,False,False,US Gov public domain,yes,883051,fa20d34a10366a5a1eec114035568e998bf810189bfb0bedb43f8472114c33c5
https://www.osha.gov/sites/default/files/publications/OSHA4183.pdf,osha,general,Kejbarok im Ejmour Ilo Jikin Jerbal: Ej Kakien!,1,0,short,sl,False,False,US Gov public domain,yes,569478,fe5a8860bbbf074109c50cb10c398575e8d98a2ae6f56654afd7f02ad0e373c9
https://www.osha.gov/sites/default/files/publications/OSHA3726_Nepali.pdf,osha,general,काममा सुरक्षा र स्वास्थ्य - यो कानून हो!,1,0,short,ne,False,False,US Gov public domain,yes,771162,86572a8f00b52edd2a6c7e9fb6c4969087906d5865d7830b080df5f5cc017420
https://www.osha.gov/sites/default/files/publications/3347-polish.pdf,osha,general,Bezpieczeństwo i higiena pracy. Takie jest prawo!,1,0,short,pl,False,False,US Gov public domain,yes,332228,a18589357fa3422412657a1ca2b6596ddeb5c9a237abffef7469823ef6a17dfc
https://www.osha.gov/sites/default/files/publications/portuguese-law-poster.pdf,osha,general,Segurança e Saúde no Trabalho: É A LEI!,1,0,short,pt,False,False,US Gov public domain,yes,316003,fd1efbbd9025778224a66694014896b887c7c4f7bf6f3ccff0688efd8e99b1f0
https://www.osha.gov/sites/default/files/publications/OSHA4420.pdf,osha,general,Безопасность труда и охрана здоровья — ЭТО ЗАКОН!,1,0,short,ru,False,False,US Gov public domain,yes,641624,ef16064efdffce4d776c2445c4d6f3c049e88dc27b1bc859b1b2f94ff4425674
https://www.osha.gov/sites/default/files/publications/OSHA4273.pdf,osha,general,Badbaada Shaqoiyo Caafimaad: Waa Sharciga!,1,0,short,so,False,False,US Gov public domain,yes,581859,33ff1ab09c5bbc66c1f8c74dd39a137314eb54d20a52e9c2a0946cfe06fd4894
https://www.osha.gov/sites/default/files/publications/OSHA4273-8514.pdf,osha,general,Badbaada Shaqoiyo Caafimaad: Waa Sharciga!,1,0,short,so,False,False,US Gov public domain,yes,571013,c5ca75d0ecb00481b33991076b47da6425a7f407e052586d3d546d00bd82e5e8
https://www.osha.gov/sites/default/files/publications/OSHA4406.pdf,osha,general,USALAMA NA AFYA KAZINI: HII NI SHERIA!,1,0,short,sw,False,False,US Gov public domain,yes,568463,38cde85ec6dfd83cba23b2e7112261cf9e90364b3a67ca933767072a7395d679
https://www.osha.gov/sites/default/files/publications/OSHA4406-8514.pdf,osha,general,USALAMA NA AFYA KAZINI: HII NI SHERIA!,1,0,short,sw,False,False,US Gov public domain,yes,804148,d85f364c51fb7f77d9b8f24d3359c7423a2731c8245824fbf704bf8f40394315
https://www.osha.gov/sites/default/files/publications/OSHA3921-8514.pdf,osha,general,Kaligtasan sa Trabaho at Kalusugan: IYAN ANG BATAS!,1,0,short,tl,False,False,US Gov public domain,yes,579275,589310a230ed91ba6cf5f6c61c5a9b0fa24f6bb7cdd25558c0a4540cda3c4d13
https://www.osha.gov/sites/default/files/publications/OSHA4419.pdf,osha,general,Безпека праці та охорона здоров’я — ЦЕ ЗАКОН!,1,0,short,uk,False,False,US Gov public domain,yes,648831,0405a8eaddc386129b592f252a836995122df48e4569710fd265b2298bd2d6bc
https://www.osha.gov/sites/default/files/publications/OSHA4419-8514.pdf,osha,general,Безпека праці та охорона здоров’я — ЦЕ ЗАКОН!,1,0,short,uk,False,False,US Gov public domain,yes,625907,27f882d517c52cd65ae4f4621d8051b4aa048139430c68e965d0959348593758
https://www.osha.gov/sites/default/files/publications/OSHA3837.pdf,osha,general,An Toàn và Sức Khoẻ Trong Công Việc: ĐÓ LÀ LUẬT!,1,0,short,vi,False,False,US Gov public domain,yes,898553,04df557de42c9bcdc6bc17ef4a65ae49402069c05730e4bdbf6ad7b0cdd1ccc2
https://www.osha.gov/sites/default/files/publications/3439at-a-glance.pdf,osha,general,OSHA At-A-Glance,3,0,short,en,False,True,US Gov public domain,yes,184032,422dfed977221f23bba5d932d2305f95bcaed78efc57f05a8a9baebaa9b7973b
https://www.osha.gov/sites/default/files/publications/3454-B-at-a-glance-SP.pdf,osha,general,OSHA 3454-B AT A GLANCE SPANISH LETTER SIZE FOR WEB:Layout 1,3,0,short,es,False,False,US Gov public domain,yes,808056,3c2bc2060a1f1cd5f9ffc206d0f4fd229b7e0a5854c00d754f1e0f185fdb8615
https://www.osha.gov/sites/default/files/publications/3469-B-at-a-glance-letter-size-portugues.pdf,osha,general,OSHA 3469-B AT A GLANCE LETTER SIZE FOR WEB PORTUGUESE:Layout 1,3,0,short,pt,False,False,US Gov public domain,yes,599170,c6fdcbbc26250e521d4a19901e524613d16761a268870a7ebe7fc9426d8d295a
https://www.osha.gov/sites/default/files/publications/3453-B-at-a-glance-vietnamese.pdf,osha,general,OSHA 3453-BAT A GLANCE LETTER SIZE FOR WEB_VIETNAMESE:Layout 1,3,0,short,vi,False,False,US Gov public domain,yes,485080,d19f8361fed23765eb4bf6d951c6f16aa481942a7f1b458c5bb49bdfa05fc71f
https://www.osha.gov/sites/default/files/publications/factsheet.pdf,osha,general,Factsheet,2,1,short,en,False,False,US Gov public domain,yes,1413276,f2966aa90ac8fac201dc5534e569519b37a12ec8fe746b65a41eeb2d9bc62c17
https://www.osha.gov/sites/default/files/publications/factsheet_sp.pdf,osha,general,Factsheet Sp,4,0,short,es,False,False,US Gov public domain,yes,1794309,622d4f82159c729391806dbb991b300d005cd06ebfa9f28d5e5e37e188af7084
https://www.osha.gov/sites/default/files/publications/OSHA3545.pdf,osha,general,Osha3545,2,0,short,pl,False,False,US Gov public domain,yes,1466721,6421d5ba806232a856d35525525bf6c0089c01cf6672b76dd7238e32be874008
https://www.osha.gov/sites/default/files/publications/OSHA3549.pdf,osha,general,Osha3549,2,0,short,ru,False,False,US Gov public domain,yes,1481890,d2b2cad8d45dfb996f830a044f9b85e70aa0b290074cc6047f311b6ca66caea3
https://www.osha.gov/sites/default/files/publications/OSHA3774.pdf,osha,general,National Safety Stand-Down to Prevent Falls in Construction,1,0,short,en,False,False,US Gov public domain,yes,1618519,9b3468719027e530ed30e462d2df88dc4969479783302017ce85847f3838fe82
https://www.osha.gov/sites/default/files/publications/OSHA3775.pdf,osha,general,Participe en el evento de la Campaña Nacional de Prevención de Caídas,1,0,short,es,False,False,US Gov public domain,yes,1614775,8ca5ac70ceb4f238bef790fe7d7e010259709aac0607d9362b2c1a1fd64ca616
https://www.osha.gov/sites/default/files/publications/OSHA4495.pdf,osha,general,Extension Cords: 5 Things to Know,1,0,short,en,False,True,US Gov public domain,yes,156113,90b65e7988f92f190865d0b63c70a5f4474ab1539ae0b4b198cd15ff580fbe38
https://www.nrc.gov/sites/default/files/doc_library/cdn/legacy/insp-gen/nrc835.pdf,nrc,chemical,c:\temp\ffcxc2.wpf,3,1,short,en,False,False,US Gov public domain,yes,182760,d6b1f2af58efe5aafe3ef6d73bb011a7b1fc3d61687e497daeb4fb819fe18803
https://www.nrc.gov/reactors/rtr-security-timeline.pdf,nrc,chemical,Microsoft Word - RTR security timeline 011712 BW.docx,1,0,short,en,False,False,US Gov public domain,yes,89295,011066e0705e6d6052b9abab8ecde40c6d4bcc4c8f666d5ef4a2e0863efbb2f1
https://www.nrc.gov/docs/ML0407/ML040700599.pdf,nrc,chemical,"IP 69003, ""Class I Research and Test Reactor Operator Licenses, Requalification, and Medical.""",4,0,short,en,False,False,US Gov public domain,yes,21319,838d04a9316e329b40ece121f369b81a55b7571dae870e26283a568b94828e20
https://www.nrc.gov/docs/ML0407/ML040700638.pdf,nrc,chemical,"IP 69005, ""Class I Research and Test Reactor Experiments.""",8,8,short,en,True,True,US Gov public domain,yes,32778,2284b892194417760502bdd70e136f054fb79bc763ccd20fbd9762e2367f55a3
https://www.nrc.gov/docs/ML0407/ML040710023.pdf,nrc,chemical,"IP 69009, ""Class I Research and Test Reactor Fuel Movement.""",6,4,short,en,True,True,US Gov public domain,yes,27781,1e8543bf95dd1fc07bfa53f17e0260acd131fb5014a3090419ec9c23052b4948
https://www.nrc.gov/docs/ML0407/ML040710098.pdf,nrc,chemical,"IP 69010, ""Class I Research and Test Reactor Surveillance.""",4,2,short,en,False,False,US Gov public domain,yes,19127,7264d699877bb88b250e9eadae4114d89398cf5c3c84e61151c21cec5782860a
https://www.nrc.gov/docs/ML0407/ML040710129.pdf,nrc,chemical,"IP 69012, ""Class I Research and Test Reactors Radiation Protection.""",10,3,short,en,True,True,US Gov public domain,yes,43551,6a7b67ee112eb8bfd008f5871e03fba9fa73e31135bb43cdfea7bce77ea5f210
https://www.nrc.gov/docs/ML2410/ML24102A016.pdf,nrc,chemical,TRTR Form 396 Training Presentation,17,0,short,en,False,False,US Gov public domain,yes,2236574,0307ce2c60ac151567893c52812cc14340f1914c39107af6ade8dc67ac0f04db
https://www.nrc.gov/docs/ML2223/ML22235A651.pdf,nrc,chemical,FY22-24 NRC Research Prospectus Final for Review,37,2,short,en,False,True,US Gov public domain,yes,13301006,3fb6817cb72bcf374b5c66c89e82fae17f4dc9c71574795a91c1545080099e0b
https://www.nrc.gov/docs/ML2021/ML20218A248.pdf,nrc,chemical,SRM-COMSECY-20-0012: Enclosure 1 - Memorandum of Understanding Between the U.S. Environmental Protection Agency and U.S. Nuclear Regulatory Commission on Uranium in situ Recovery Activities,8,38,medium,en,True,False,US Gov public domain,yes,3641163,41f79bcd69e6c94bfdbf8489982cfed31af04c3c98378abb42fc5bf727efd236
https://www.nrc.gov/docs/ML1821/ML18214A663.pdf,nrc,chemical,"NUREG-2173, Rev. 1 - Tribal Protocol Manual - July 2018.",56,9,short,en,True,False,US Gov public domain,yes,1554082,8a79c085f20765034330e0020d351d834970d2954948621169278aa175b49241
https://www.cdc.gov/labs/media/pdfs/2024/05/accomplishments-2016-top10.pdf,cdc,chemical,NCEZID_Top 10 Accomplishments,20,16,short,en,True,True,US Gov public domain,yes,10436838,88bd6627c36a69053341971f87294282f57597247ec464e030feaa25119c7c48
https://www.cdc.gov/labs/pdf/EnhancingCDCLaboratoryPoliciesPracticesSystems.pdf,cdc,chemical,Enhancingcdclaboratorypoliciespracticessystems,22,2,short,en,False,True,US Gov public domain,yes,460390,9a61ff77d811412f6602e2044986b4f7b9128bae4dc71c79063ba15707377e5f
https://www.cdc.gov/labs/media/pdfs/2025/09/CLIA-Certificate-40D0869394-2025-07-13-508.pdf,cdc,chemical,CLIA Certificate,1,0,short,en,False,False,US Gov public domain,yes,333565,da2b49a02360bfbf0c6d48791e9a4da9cce37a3c5cbc2b9d31386d38ee2952e1
https://www.cdc.gov/labs/media/pdfs/2025/04/CLIA-Certificate-11D0668319-2024-09-30_Apr7-Final.pdf,cdc,chemical,CENTERS FOR MEDICARE & MEDICAID SERVICES CLINICAL LABORATORY IMPROVEMENT AMENDMENTS Certificate of Compliance,1,0,short,en,False,False,US Gov public domain,yes,220834,9feeca21ee096dd5e02c29873101fd5ecdd2b34d6748fc72b71ae0b63aa52e86
https://www.cdc.gov/labs/media/pdfs/2025/07/A2LA-Certificate-of-Accreditation-v10-20250703_pg8_508.pdf,cdc,chemical,Microsoft Word - 6801.01s,1,0,short,en,False,False,US Gov public domain,yes,274544,310744b4280cf54b59381238f25877b0baf600d6992365a23f6da453e25728da
https://www.cdc.gov/labs/media/pdfs/2025/04/CLIA-Certificate-Lab-CDC-Fort-Collins-06D0880233-2024-12-09-FINAL-Mar31.pdf,cdc,chemical,Clinical Laboratory Improvement Amendments Certificate of Compliance,1,0,short,en,False,False,US Gov public domain,yes,663462,7142baeff60d4681cd2559db57d141d657a7b79c37d91456b5474984defc0615
https://www.cdc.gov/labs/media/pdfs/2025/08/SF__19a_308133-A_BMBL6_00-BOOK-WEB-final-3.pdf,cdc,chemical,Biosafety in Microbiological and Biomedical Laboratories—6th Edition,614,20,medium,en,True,True,US Gov public domain,yes,4974034,3b789378bd365cac9aa973fae5852dc0f21c7607494264f9305ddf1b23093066
https://www.cdc.gov/labs/pdf/Clarification-on-Service-Animals-Laboratories-Compliance-with-Federal-Laws-and-BMBL-Guidance.pdf,cdc,chemical,Clarification on Service Animals in Laboratories: Compliance with Federal Laws and BMBL Guidance,1,0,short,en,False,False,US Gov public domain,yes,168865,28c1e6142fd10df5445f95e341ec09d66a642350a6a3baf5cd823331d8330dd2
https://www.cdc.gov/about/media/pdfs/cdc-org-chart.pdf,cdc,general,cdc-org-chart,1,0,short,en,False,False,US Gov public domain,yes,234576,de60b786d74d1221b74dfb55aea55c79841103449d68e46e92f15f24b87f95ed
https://www.cdc.gov/other/pdf/Sponsorship-Conferences-9-26-08-CDC.pdf,cdc,general,Securing Approval for Sponsorship of Conferences,11,14,short,en,True,False,US Gov public domain,yes,244206,c0b6acb173ada5a172a70648213e6558b4e6580f67d604f4e9353412f0b9eec8
https://www.cdc.gov/other/pdf/Peer-Review-CDC-20230726.pdf,cdc,general,CATEGORY:  General Administration,7,13,short,en,True,False,US Gov public domain,yes,214315,5fb34d2ba365ad5946c17b1d0b8eb16a9fbfe8c0a10243b53a41940059187c39
https://www.cdc.gov/other/pdf/FSG-Policy-CDC-20230725.pdf,cdc,food,Food Service Guidelines in CDC-Owned or -Operated Dining and Vending Facilities,8,13,short,en,True,False,US Gov public domain,yes,211796,82fccf27ff461fe5cae0fa3e89b37e6d44274f539d38dc637821ba0401aa8199
https://www.cdc.gov/other/pdf/CDC-ET-2007-1_EXT.pdf,cdc,general,Administration of Gifts (Policy 20170329),25,45,long,en,True,False,US Gov public domain,yes,353832,835552e3953884cfe7af9f3f26ef345c5e99a57be243ad7c5dd0aa7f6e460392
https://www.epa.gov/system/files/documents/2025-03/necimemo-20250312.pdf,epa,chemical,Implementing National Enforcement and Compliance Initiatives Consistently with Executive Orders and Agency Priorities,4,1,short,en,False,False,US Gov public domain,yes,246059,5a46a1873655243e35dc341b18c20c5d1509998c6c1422e026ed403cd5d8650d
https://www.epa.gov/system/files/documents/2025-03/implementingnecisconsistentlywitheosandagencypriorities.pdf,epa,chemical,Implementingnecisconsistentlywitheosandagencypriorities,4,1,short,en,False,False,US Gov public domain,yes,244728,42f740d2caad04124d79a5da76b194e12d34660e403bb4b343f5c88400582e5e
https://www.epa.gov/system/files/documents/2024-11/cpm-adjustment-for-ammonium-sulfate-formation-in-m202-results-002_0.pdf,epa,chemical,Cpm Adjustment For Ammonium Sulfate Formation In M202 Results 002 0,3,2,short,en,False,False,US Gov public domain,yes,219893,a6a614a0cd065370c3468e8616a7d230e278b763a1ace95fd459baee3a03c6e7
https://www.epa.gov/system/files/documents/2024-11/otm-59-anion_cation-analysis-of-method-202-samples-final.pdf,epa,chemical,"OTM-59, Method for the Correction of Residual Ammonia in Condensable Particulate Matter Samples Collected according to Method 202",12,4,short,en,True,False,US Gov public domain,yes,451454,270cfd1a5491fb5d747555f2fc29c2947983bf5708882edfea3c8a5d48ba0cf1
https://www.epa.gov/system/files/documents/2024-04/protocol-gas-memo-oaqps-march-11-2024_1.pdf,epa,chemical,UNITED STATES ENVIRONMENTAL PROTECTION AGENCY,2,0,short,en,False,False,US Gov public domain,yes,272096,21443cf055d395a2e4cf1fef9386b48312f5f0624b053ccf283c274fd6816383
https://www.epa.gov/system/files/documents/2024-04/protocol-gas-memo_3-2024.pdf,epa,chemical,Protocol Gas Memo 3 2024,3,0,short,en,False,False,US Gov public domain,yes,208590,f8e37332a18f0af60556d55c0895feb1e9a638707f0ca9327f9f387986b68010
https://www.epa.gov/system/files/documents/2024-02/m320-proposal-factsheet.pdf,epa,chemical,M320 Proposal Factsheet,2,1,short,en,False,False,US Gov public domain,yes,247734,ba50948ccc14b48543b6edfa74d1b1a0a15caa76c39734d63d7b174cf7d3ff34
https://www.epa.gov/system/files/documents/2024-02/method320_forweb_1.pdf,epa,chemical,Method320 Forweb 1,15,5,short,en,True,True,US Gov public domain,yes,762840,bd6dd13a31a09a7238719788d28d0f02bbb717a331e7ad7f4cdeab90ea6e6add
https://www.epa.gov/system/files/documents/2024-02/oil-gas-advanced-methane-technology-alternative-test-method-program-webinar.pdf,epa,chemical,Microsoft Word - Oil & Gas Advanced Methane Technology Alternative Test Method Program Webinar.docx,1,0,short,en,False,False,US Gov public domain,yes,398173,f80283a213b028d8b84749d254899255098cffaafda73c87af1cc130ffeed63e
https://www.epa.gov/system/files/documents/2024-01/epa-announces-stakeholder-meetings-for-revisions-to-methods-325b.pdf,epa,chemical,Microsoft Word - EPA Announces Stakeholder Meetings for Revisions to Method 325B.docx,1,0,short,en,False,False,US Gov public domain,yes,415891,bf4c55ea63f3c52d3d8e6b992586d2862120e69b7d8ce52542dfe7444f209582
https://www.epa.gov/system/files/documents/2024-01/otm-50-release-1.pdf,epa,chemical,Otm 50 Release 1,53,16,short,en,True,True,US Gov public domain,yes,1039973,0b453920a38f7a7e43f5b6aa128e93c278fb683e4c154233690f605d2c71b2e0
https://www.epa.gov/system/files/documents/2023-04/Draft%20Method%20327%20%28clean%20proposal%20version%29.pdf,epa,chemical,Draft METHOD 327 - Fugitive and Area Source Measurement of Selected Volatile Organic Hazardous Air Pollutants Using Specially Prepared Canisters,54,51,long,en,True,True,US Gov public domain,yes,803142,b8f46c5ffca435c13b8f0e2e1acf386027ae6d6952876205f9526a5904333ba8
https://www.epa.gov/system/files/documents/2023-04/2023%20Final%20Revisions%20Rule.pdf,epa,chemical,2023%20Final%20Revisions%20Rule,28,58,long,en,True,False,US Gov public domain,yes,1970274,04a644830f6831fc71aa8dfe7a4bc0640d9a1bdf975ca31f3e9c8019e56e0678
https://www.epa.gov/system/files/documents/2023-03/FRL5937-02-OAR_Method%2023%20Final_20230221_ADMIN.pdf,epa,chemical,Frl5937 02 Oar Method%2023%20Final 20230221 Admin,43,32,medium,en,True,True,US Gov public domain,yes,1410819,75c807b2d39e48fc25c9ca3d161fe403a26e6955fc0c792f8d664e6031890414
https://www.epa.gov/sites/production/files/2020-08/documents/ps-18-proc6-direct-final-partial-withdrawal.pdf,epa,chemical,TEchnical Amendments to Performance Specification 18 and Procedure N,5,1,short,en,False,False,US Gov public domain,yes,48582,265b4f84d025a4351a6322e59ffe30feb37e736f137a428470776d6d25c0f888
https://www.epa.gov/sites/production/files/2020-08/documents/ps-10.pdf,epa,chemical,D:\EMCNEW\PROPOSED\PS-10.PDF,11,17,short,en,True,False,US Gov public domain,yes,43354,90ccf55f921c31f10a3d695cfe748e644c1fabf9d2fef8bf5bd7521b44fd33b1
https://www.epa.gov/system/files/documents/2025-06/epa-sab-22-001.pdf,epa,chemical,Epa Sab 22 001,118,5,short,en,True,False,US Gov public domain,yes,2584523,aa91dbe564b7b683248c2f59622697f86130d3836a8af3129653a1d697330f0e
https://www.epa.gov/sites/default/files/2015-03/documents/testmeth.pdf,epa,chemical,Index to EPA Test Methods: April 2003 Revised Edition,85,2,short,en,False,True,US Gov public domain,yes,1288897,7552b01456384937b2881a801492acd837626412c6c9d2d4e72fd692d6885769
https://www.epa.gov/sites/default/files/2015-01/documents/chemmethod_validity_policy.pdf,epa,chemical,US EPA: FEM: Ensuring the validity of Agency Methods Methods Validation and Peer Review Guidelines,2,1,short,en,False,False,US Gov public domain,yes,22153,2185a85e88d1911e325e407d6092e8f7c50e7d0163a311112a09113c794e4352
https://www.epa.gov/sites/default/files/2016-02/documents/chemical_method_guide_revised_020316.pdf,epa,chemical,US EPA: OSA: Validation and Peer Review of U.S. Environmental Protection Agency Chemical Methods of Analysis,23,18,short,en,True,False,US Gov public domain,yes,220851,2d1fa8652677712e3e3ed8b04137c83c34658db89aef3d9742b1a89f2c55d301
https://www.epa.gov/sites/default/files/2015-01/documents/radiochemmethod_validity_policy.pdf,epa,chemical,US EPA: FEM: Ensuring the Validity of Agency Methods,1,1,short,en,False,False,US Gov public domain,yes,17702,ab1c18e564f02c647ef80b86b3850d3f2c908963f750e8cfc6a1d61b216ffd52
https://www.epa.gov/sites/default/files/2014-05/documents/radiochemmethod_validity_guide.pdf,epa,chemical,USEPA: FEM: Validation and Peer Review of U.S. Environmental Protection Agency Radiochemical Methods of Analysis,24,21,medium,en,True,False,US Gov public domain,yes,151529,146105dc375f391765e443d7572a46f650ea1e9354c8f0190e53c5ca409a5fca
https://www.epa.gov/sites/default/files/2017-07/documents/final_revision_microbiological_validity_policy_122116.pdf,epa,chemical,Microbological Methods Validation Policy 2009,1,2,short,en,False,False,US Gov public domain,yes,75764,097913ab8f5831fe9ec7f6949d91a791b5ad704f575824cb067dd2f25f4a4d64
https://www.epa.gov/sites/default/files/2017-04/documents/final_edited_revision_microbiology_method_guidance_122116.pdf,epa,chemical,Method Validation of U.S. EPA Microbiological Methods of Anaylsis,78,68,long,en,True,True,US Gov public domain,yes,1160552,5ccee9415fed1cee65eaa0f719545c2e68aeda3b322bd919a0bd20f89ca9e65d
https://www.epa.gov/sites/default/files/2015-01/documents/radiochemmethod_sampling_policy.pdf,epa,chemical,US EPA: FEM: Ensuring the Validity of Agency Methods Methods Validation and Peer Review Guidelines: Sampling Methods for Chemical and Radiochemical Parameters,2,1,short,en,False,False,US Gov public domain,yes,19659,3ba52bf0d30500235ed3a539e35d71cf398dd2ed37e577a7f14af69707234727
https://www.epa.gov/sites/default/files/2016-02/documents/radiochem_method_guide_revised_020316_00000002.pdf,epa,chemical,US EPA: FEM: Validation and Peer Review of U.S. Environmental Protection Agency Sampling Methods for Chemical and Radiochemical Parameters,25,15,short,en,True,True,US Gov public domain,yes,219256,4f3770cda38b07b3bfb9b464d17ab009e477005e227e81bc76aaa26350a5ddfb
https://www.epa.gov/sites/default/files/2015-01/documents/biosampling_validity_policy.pdf,epa,chemical,Guidelines for Ensuring the Validation and Peer Review of Agency Methods: Environmental Sampling Techniques that Support the Detection and Recovery of Microorganisms,2,1,short,en,False,False,US Gov public domain,yes,50386,7259071a26efe661c231a1ce4207dc92acc6b58cceeeb558034850963edf8135
https://www.epa.gov/sites/default/files/2015-01/documents/biosampling_validity_guidance.pdf,epa,chemical,Validation of U.S. Environmental Protection Agency Environmenatl Sampling Techniques that Support the Detection and Recovery of Microorganisms,43,48,long,en,True,True,US Gov public domain,yes,763235,e5da4ad79539297f4a03b8ef66a3fb2f08932902f785d7c437eecc238c818997
https://www.epa.gov/system/files/documents/2025-10/emergency-response-methods-validation-policy_revised-8.25.25_508-compliant.pdf,epa,chemical,Ensuring the Validity of Agency Methods Validation and Peer Review Guidelines: Methods of Analysis Developed for Emergency Response Situations,3,2,short,en,False,False,US Gov public domain,yes,159302,5f814b06914a09f18b9501ecf8da314703022eb93662ebff43ff4eb4ab60ebea
